1721276644.769273,m,press
1721276644.828844,'m',release
1721276644.8583171,a,press
1721276644.950399,'a',release
1721276645.5856152,c,press
1721276645.6850429,'c',release
1721276646.134474,b,press
1721276646.1976802,'b',release
1721276646.4441202,o,press
1721276646.497638,'o',release
1721276646.60449,o,press
1721276646.6716402,'o',release
1721276646.839394,k,press
1721276646.901199,'k',release
1721276651.170294,.,press
1721276651.2517571,'.',release
1721276651.420607,m,press
1721276651.493922,'m',release
1721276651.587605,d,press
1721276651.6907258,'d',release
1721276652.0091588,Key.enter,press
1721276652.089967,Key.enter,release
1721276654.5539489,1,press
1721276654.6918159,'1',release
1721276655.5495858,2,press
1721276655.671218,'2',release
1721276656.9385002,3,press
1721276657.058999,'3',release
1721276658.109453,4,press
1721276658.222592,'4',release
1721276659.382435,5,press
1721276659.4994612,'5',release
1721276660.496642,6,press
1721276660.615175,'6',release
1721276661.696735,7,press
1721276661.797726,'7',release
1721276662.7194471,8,press
1721276662.8236558,'8',release
1721276664.0636091,9,press
1721276664.1893818,'9',release
1721276669.8270469,0,press
1721276669.9445078,'0',release
1721276672.955521,q,press
1721276673.11536,'q',release
1721276673.512872,w,press
1721276673.611712,'w',release
1721276674.37697,e,press
1721276674.490363,'e',release
1721276674.941199,r,press
1721276675.04971,'r',release
1721276675.394623,t,press
1721276675.5037482,'t',release
1721276675.806817,y,press
1721276675.923933,'y',release
1721276677.0804942,`,press
1721276677.173097,'`',release
1721276679.484025,Key.shift,press
1721276680.532354,~,press
1721276680.669325,'~',release
1721276682.039016,Key.shift,release
1721276687.990885,-,press
1721276688.092777,'-',release
1721276689.007423,=,press
1721276689.123096,'=',release
1721276692.265835,[,press
1721276692.42831,'[',release
1721276692.9436958,],press
1721276693.064956,']',release
1721276693.4482088,\,press
1721276693.558413,'\\',release
1721276695.217259,\,press
1721276695.298789,'\\',release
1721276697.37869,\,press
1721276697.4591842,'\\',release
1721276700.535378,\,press
1721276700.62729,'\\',release
1721276709.255452,;,press
1721276709.338655,';',release
1721276709.8921459,',press
1721276709.991952,"""'""",release
1721276712.1352682,.,press
1721276712.225777,'.',release
1721276712.651127,/,press
1721276712.746269,'/',release
1721276713.799351,",",press
1721276713.88121,"','",release
1721276714.324357,.,press
1721276714.405382,'.',release
1721276718.554834,/,press
1721276718.632249,'/',release
1721276719.250593,',press
1721276719.35357,"""'""",release
1721276719.8372009,;,press
1721276719.928373,';',release
1721276721.273812,Key.ctrl,press
1721276721.4175448,Key.ctrl,release
1721276722.81933,Key.shift,press
1721276723.01565,?,press
1721276723.1045198,'?',release
1721276723.312319,Key.shift,release
1721276737.05736,Key.cmd,press
1721276737.250158,a,press
1721276737.3634298,'a',release
1721276737.467414,Key.cmd,release
1721276738.2739358,Key.cmd,press
1721276738.333856,c,press
1721276738.3853362,Key.cmd,release
1721276738.4698849,'c',release
1721276743.7981389,Key.cmd,press
1721276743.838758,v,press
1721276743.898939,Key.cmd,release
1721276743.979517,'v',release
1721276750.1143959,Key.backspace,press
1721276750.188172,Key.backspace,release
1721276751.349974,2,press
1721276751.437954,'2',release
1721276751.51279,0,press
1721276751.584141,'0',release
1721276751.6495109,2,press
1721276751.7249558,'2',release
1721276752.396061,4,press
1721276752.455043,'4',release
1721276752.609697,0,press
1721276752.688352,'0',release
1721276752.948718,7,press
1721276753.024359,'7',release
1721276753.1230578,1,press
1721276753.228031,'1',release
1721276753.303585,7,press
1721276753.3669078,'7',release
1721276756.657679,Key.space,press
1721276756.736083,Key.space,release
1721276757.078829,2,press
1721276757.145108,'2',release
1721276757.288747,1,press
1721276757.340241,'1',release
1721276757.662495,Key.shift,press
1721276757.876683,:,press
1721276757.967596,':',release
1721276757.993072,Key.shift,release
1721276758.2087848,2,press
1721276758.285269,'2',release
1721276758.478837,5,press
1721276758.5496168,'5',release
1721276759.250106,Key.space,press
1721276759.349849,Key.space,release
1721276759.4214652,Key.shift,press
1721276759.570266,P,press
1721276759.662039,'P',release
1721276759.782329,T,press
1721276759.882093,'T',release
1721276760.049728,Key.shift,release
1721276760.331728,Key.cmd,press
1721276760.572793,s,press
1721276760.706321,'s',release
1721276760.847184,Key.cmd,release
1721276768.230686,Key.space,press
1721276768.3322618,Key.space,release
1721276768.350462,f,press
1721276768.426807,'f',release
1721276768.544936,r,press
1721276768.6045,'r',release
1721276768.6389382,o,press
1721276768.69111,m,press
1721276768.726491,'o',release
1721276768.782738,'m',release
1721276768.8781161,Key.space,press
1721276768.966321,Key.space,release
1721276769.116885,Key.shift,press
1721276769.2064362,Y,press
1721276769.268522,'Y',release
1721276769.309258,Key.shift,release
1721276769.352951,i,press
1721276769.4253209,'i',release
1721276769.536109,y,press
1721276769.612332,'y',release
1721276770.231301,u,press
1721276770.262146,'u',release
1721276770.390644,n,press
1721276770.433425,'n',release
1721276770.647415,Key.space,press
1721276770.723082,Key.space,release
1721276770.734734,Key.shift,press
1721276770.8713799,C,press
1721276770.903548,Key.shift,release
1721276770.986306,'c',release
1721276771.042253,h,press
1721276771.0940318,'h',release
1721276771.1771321,e,press
1721276771.241007,'e',release
1721276771.279217,n,press
1721276771.3229172,'n',release
1721276771.592619,Key.cmd,press
1721276771.81775,s,press
1721276771.929271,'s',release
1721276772.060412,Key.cmd,release
1721276773.393864,Key.space,press
1721276773.4854221,Key.space,release
1721276774.224235,-,press
1721276774.284485,'-',release
1721276774.367452,Key.space,press
1721276774.4707599,Key.space,release
1721276774.656808,p,press
1721276774.748538,'p',release
1721276774.8319428,a,press
1721276774.923879,'a',release
1721276775.021743,s,press
1721276775.081142,'s',release
1721276775.158717,s,press
1721276775.2341251,'s',release
1721276775.359215,e,press
1721276775.4184499,'e',release
1721276775.552052,d,press
1721276775.6238499,'d',release
1721276775.840425,.,press
1721276775.9235961,'.',release
1721276776.0241091,Key.space,press
1721276776.103693,Key.space,release
1721276777.68187,Key.space,press
1721276777.7810712,Key.space,release
1721276778.489203,-,press
1721276778.557939,'-',release
1721276778.628287,Key.space,press
1721276778.7278621,Key.space,release
1721276778.8261068,p,press
1721276778.901576,'p',release
1721276778.930089,a,press
1721276779.014236,'a',release
1721276779.125016,s,press
1721276779.185297,'s',release
1721276779.2688398,s,press
1721276779.341114,'s',release
1721276779.461329,e,press
1721276779.524949,'e',release
1721276779.659513,d,press
1721276779.734383,'d',release
1721276779.874945,.,press
1721276779.9574358,'.',release
1721276780.062874,Key.space,press
1721276780.14509,Key.space,release
1721276781.201121,Key.cmd,press
1721276781.453207,s,press
1721276781.550244,'s',release
1721276781.724437,Key.cmd,release
1721276786.69276,Key.up,press
1721276786.780792,Key.up,release
1721276790.467354,Key.down,press
1721276790.5882938,Key.down,release
1721276791.185771,Key.right,press
1721276791.3045802,Key.right,release
1721276791.7845361,Key.left,press
1721276791.8945332,Key.left,release
1721276852.8346949,Key.backspace,press
1721276852.915745,Key.backspace,release
1721276855.23618,Key.backspace,press
1721276855.31406,Key.backspace,release
1721276856.540972,Key.enter,press
1721276856.622384,Key.enter,release
1721276856.7125912,Key.enter,press
1721276856.8001542,Key.enter,release
1721276857.6893451,Key.up,press
1721276857.77069,Key.up,release
1721276858.462333,Key.enter,press
1721276858.527445,Key.enter,release
1721276859.226124,Key.shift,press
1721276859.588276,P,press
1721276859.6250062,Key.shift,release
1721276859.665056,'p',release
1721276859.756368,a,press
1721276859.843833,'a',release
1721276859.936188,r,press
1721276860.007752,'r',release
1721276860.118479,t,press
1721276860.185816,'t',release
1721276860.3529851,1,press
1721276860.441952,'1',release
1721276860.732484,Key.space,press
1721276860.831189,Key.space,release
1721276861.236474,a,press
1721276861.3245819,'a',release
1721276861.353379,l,press
1721276861.426545,'l',release
1721276861.506588,l,press
1721276861.6145458,Key.space,press
1721276861.618774,'l',release
1721276861.7224698,Key.space,release
1721276861.799743,p,press
1721276861.8673248,'p',release
1721276861.874942,a,press
1721276861.959179,'a',release
1721276862.051146,s,press
1721276862.123063,'s',release
1721276862.186521,s,press
1721276862.266764,'s',release
1721276862.385439,e,press
1721276862.4455428,'e',release
1721276862.565247,d,press
1721276862.640727,'d',release
1721276863.354079,Key.backspace,press
1721276863.407982,Key.backspace,release
1721276863.495422,Key.backspace,press
1721276863.583152,Key.backspace,release
1721276863.660439,Key.backspace,press
1721276863.740014,Key.backspace,release
1721276863.814442,Key.backspace,press
1721276863.898002,Key.backspace,release
1721276863.969634,Key.backspace,press
1721276864.053222,Key.backspace,release
1721276864.117395,Key.backspace,press
1721276864.2144341,Key.backspace,release
1721276864.274612,Key.backspace,press
1721276864.345212,Key.backspace,release
1721276864.418794,Key.backspace,press
1721276864.486559,Key.backspace,release
1721276864.5735948,Key.backspace,press
1721276864.6264598,Key.backspace,release
1721276864.706866,Key.backspace,press
1721276864.7826061,Key.backspace,release
1721276865.0072691,c,press
1721276865.106472,a,press
1721276865.15181,'c',release
1721276865.220491,'a',release
1721276865.222496,n,press
1721276865.275936,'n',release
1721276865.383212,Key.space,press
1721276865.4824698,Key.space,release
1721276865.561868,a,press
1721276865.656896,'a',release
1721276865.682266,l,press
1721276865.74105,'l',release
1721276865.82599,l,press
1721276865.939643,'l',release
1721276865.942165,Key.space,press
1721276866.047856,Key.space,release
1721276866.156637,b,press
1721276866.203479,'b',release
1721276866.257154,e,press
1721276866.317137,'e',release
1721276866.350639,Key.space,press
1721276866.447873,Key.space,release
1721276866.508469,r,press
1721276866.566887,e,press
1721276866.6021729,'r',release
1721276866.665066,'e',release
1721276866.800417,c,press
1721276866.892239,'c',release
1721276866.943939,o,press
1721276867.014888,'o',release
1721276867.0588958,r,press
1721276867.118594,'r',release
1721276867.260448,d,press
1721276867.36468,'d',release
1721276867.799692,e,press
1721276867.851725,'e',release
1721276867.9664729,d,press
1721276868.066148,'d',release
1721276868.106477,Key.space,press
1721276868.197366,Key.space,release
1721276868.303191,b,press
1721276868.36625,'b',release
1721276868.4931269,y,press
1721276868.5525079,'y',release
1721276868.6428852,Key.space,press
1721276868.7497349,Key.space,release
1721276869.060359,Key.tab,press
1721276869.1676219,Key.tab,release
1721276870.8526561,Key.enter,press
1721276870.9252238,Key.enter,release
1721276871.1524532,Key.shift,press
1721276871.285564,C,press
1721276871.335627,Key.shift,release
1721276871.400843,'c',release
1721276871.499758,h,press
1721276871.556394,'h',release
1721276871.587035,a,press
1721276871.667378,'a',release
1721276871.767047,r,press
1721276871.8432782,'r',release
1721276871.957591,Key.space,press
1721276872.045606,Key.space,release
1721276872.5034728,Key.backspace,press
1721276872.5738912,Key.backspace,release
1721276872.614263,s,press
1721276872.697304,'s',release
1721276872.776173,Key.space,press
1721276872.873402,Key.space,release
1721276872.9318662,a,press
1721276873.023665,'a',release
1721276873.1067462,r,press
1721276873.161356,e,press
1721276873.204888,'r',release
1721276873.265654,'e',release
1721276873.328701,Key.space,press
1721276873.424504,Key.space,release
1721276876.2889411,c,press
1721276876.337445,'c',release
1721276876.5127199,h,press
1721276876.572499,'h',release
1721276876.605102,a,press
1721276876.7067552,'a',release
1721276877.068838,t,press
1721276877.131934,'t',release
1721276877.6707652,Key.backspace,press
1721276877.738351,Key.backspace,release
1721276877.76025,r,press
1721276877.8232498,'r',release
1721276877.9440582,s,press
1721276878.02737,'s',release
1721276878.151069,Key.space,press
1721276878.2354372,Key.space,release
1721276878.361863,i,press
1721276878.4347782,'i',release
1721276878.4705029,n,press
1721276878.5095859,'n',release
1721276878.7152839,Key.space,press
1721276878.787405,Key.space,release
1721276879.233005,l,press
1721276879.297615,'l',release
1721276879.4084108,i,press
1721276879.446153,'i',release
1721276879.539582,k,press
1721276879.620162,'k',release
1721276879.641023,e,press
1721276879.709405,'e',release
1721276879.797099,Key.space,press
1721276879.864278,Key.space,release
1721276880.5035992,',press
1721276880.570813,"""'""",release
1721276880.889546,a,press
1721276880.973769,'a',release
1721276881.546416,',press
1721276881.623023,"""'""",release
1721276882.7479098,Key.tab,press
1721276882.8333702,Key.tab,release
1721276883.1769578,Key.enter,press
1721276883.26707,Key.enter,release
1721276885.43589,Key.shift,press
1721276885.586893,S,press
1721276885.6721761,Key.shift,release
1721276885.696254,'s',release
1721276886.069168,Key.backspace,press
1721276886.1424582,Key.backspace,release
1721276890.289846,Key.shift,press
1721276890.435981,A,press
1721276890.517256,Key.shift,release
1721276890.5444422,'a',release
1721276890.7943838,r,press
1721276890.84511,'r',release
1721276890.9604769,r,press
1721276891.030792,'r',release
1721276891.166293,o,press
1721276891.225507,'o',release
1721276891.8890638,w,press
1721276891.969841,'w',release
1721276892.373694,Key.space,press
1721276892.4671779,Key.space,release
1721276892.5331998,k,press
1721276892.621611,'k',release
1721276892.6920938,e,press
1721276892.735127,'e',release
1721276893.0682938,y,press
1721276893.115983,'y',release
1721276893.184128,s,press
1721276893.263623,'s',release
1721276893.450288,Key.space,press
1721276893.5419211,Key.space,release
1721276893.5996768,a,press
1721276893.6794171,'a',release
1721276893.78461,r,press
1721276893.84045,e,press
1721276893.86374,'r',release
1721276893.94078,'e',release
1721276894.053399,Key.space,press
1721276894.149158,Key.space,release
1721276894.531702,s,press
1721276894.603151,'s',release
1721276894.715821,t,press
1721276894.755698,'t',release
1721276894.863415,o,press
1721276894.9277189,'o',release
1721276894.949051,r,press
1721276894.988296,'r',release
1721276895.340213,e,press
1721276895.4113238,'e',release
1721276895.634052,d,press
1721276895.713975,'d',release
1721276895.8336089,Key.space,press
1721276895.922527,Key.space,release
1721276895.958905,a,press
1721276896.050688,'a',release
1721276896.156168,s,press
1721276896.2300632,'s',release
1721276896.28592,Key.space,press
1721276896.378764,Key.space,release
1721276897.597868,Key.shift,press
1721276897.710309,K,press
1721276897.785401,'K',release
1721276897.8050299,Key.shift,release
1721276898.1273751,e,press
1721276898.193883,'e',release
1721276898.320433,y,press
1721276898.383154,'y',release
1721276899.0742269,.,press
1721276899.1643572,'.',release
1721276899.5958972,u,press
1721276899.84062,p,press
1721276899.8429708,'u',release
1721276899.878015,'p',release
1721276901.321719,Key.up,press
1721276901.419008,Key.up,release
1721276902.2655208,Key.down,press
1721276902.3669498,Key.down,release
1721276905.832869,",",press
1721276905.922693,"','",release
1721276906.034283,Key.space,press
1721276906.125368,Key.space,release
1721276907.25044,Key.tab,press
1721276907.358857,Key.tab,release
1721276908.768411,Key.left,press
1721276908.8683362,Key.left,release
1721276909.448748,Key.right,press
1721276909.549626,Key.right,release
1721276910.6348531,Key.cmd,press
1721276910.834041,s,press
1721276910.951914,'s',release
1721276911.0450099,Key.cmd,release
1721276916.4838872,',press
1721276916.564646,"""'""",release
1721276920.8409312,Key.backspace,press
1721276920.9123578,Key.backspace,release
1721276925.1285791,',press
1721276925.1957471,"""'""",release
1721276928.0980952,Key.right,press
1721276928.223099,Key.right,release
1721276928.344668,Key.right,press
1721276928.431534,Key.right,release
1721276928.531114,Key.right,press
1721276928.61377,Key.right,release
1721276928.713965,Key.right,press
1721276928.8004549,Key.right,release
1721276928.885508,Key.right,press
1721276928.991235,Key.right,release
1721276929.3586712,Key.right,press
1721276929.47206,Key.right,release
1721276930.4048378,Key.up,press
1721276930.4919732,Key.up,release
1721276931.368442,Key.down,press
1721276931.479077,Key.down,release
1721276933.342259,',press
1721276933.398977,"""'""",release
1721276934.497958,Key.right,press
1721276934.599801,Key.right,release
1721276934.737921,Key.right,press
1721276934.822818,Key.right,release
1721276935.802548,',press
1721276935.863192,"""'""",release
1721276936.2853692,Key.right,press
1721276936.373632,Key.right,release
1721276936.467199,Key.right,press
1721276936.5511239,Key.right,release
1721276936.6470048,Key.right,press
1721276936.725003,Key.right,release
1721276936.814569,Key.right,press
1721276936.8929532,Key.right,release
1721276936.973858,Key.right,press
1721276937.049579,Key.right,release
1721276937.134167,Key.right,press
1721276937.205538,Key.right,release
1721276937.295918,Key.right,press
1721276937.363511,Key.right,release
1721276937.4415731,Key.right,press
1721276937.5340228,Key.right,release
1721276938.244216,',press
1721276938.308314,"""'""",release
1721276938.7161322,Key.right,press
1721276938.8284092,Key.right,release
1721276938.920032,Key.right,press
1721276938.990468,Key.right,release
1721276939.851202,',press
1721276939.9116821,"""'""",release
1721276940.2280362,Key.right,press
1721276940.312969,Key.right,release
1721276940.4054651,Key.right,press
1721276940.4896152,Key.right,release
1721276940.5735512,Key.right,press
1721276940.649311,Key.right,release
1721276940.7294452,Key.right,press
1721276940.812549,Key.right,release
1721276940.893235,Key.right,press
1721276940.981048,Key.right,release
1721276941.059268,Key.right,press
1721276941.137681,Key.right,release
1721276941.213797,Key.right,press
1721276941.292334,Key.right,release
1721276941.365252,Key.right,press
1721276941.461107,Key.right,release
1721276942.2394052,',press
1721276942.317215,"""'""",release
1721276942.646421,Key.right,press
1721276942.719616,Key.right,release
1721276942.828047,Key.right,press
1721276942.912606,Key.right,release
1721276943.633611,',press
1721276943.686286,"""'""",release
1721276943.9753852,Key.right,press
1721276944.0584571,Key.right,release
1721276944.150572,Key.right,press
1721276944.2394261,Key.right,release
1721276944.325527,Key.right,press
1721276944.405133,Key.right,release
1721276944.490197,Key.right,press
1721276944.5686998,Key.right,release
1721276944.6478322,Key.right,press
1721276944.719209,Key.right,release
1721276944.805278,Key.right,press
1721276944.880942,Key.right,release
1721276944.9599948,Key.right,press
1721276945.035983,Key.right,release
1721276945.1154618,Key.right,press
1721276945.1953542,Key.right,release
1721276945.273377,Key.right,press
1721276945.353051,Key.right,release
1721276946.146081,',press
1721276946.203124,"""'""",release
1721276946.425344,Key.cmd,press
1721276946.655452,s,press
1721276946.776458,'s',release
1721276946.87457,Key.cmd,release
1721276951.172294,Key.enter,press
1721276951.265717,Key.enter,release
1721276956.451869,-,press
1721276956.515433,'-',release
1721276956.589144,-,press
1721276956.664455,'-',release
1721276956.993778,Key.space,press
1721276957.085066,Key.space,release
1721276957.142998,Key.shift,press
1721276957.328047,Y,press
1721276957.386367,Key.shift,release
1721276957.390049,'y',release
1721276957.4908748,i,press
1721276957.577846,'i',release
1721276957.681752,y,press
1721276957.729339,u,press
1721276957.760813,'y',release
1721276957.830168,'u',release
1721276957.9521081,n,press
1721276958.004802,'n',release
1721276958.185359,Key.space,press
1721276958.261471,Key.space,release
1721276958.265155,Key.shift,press
1721276958.402037,C,press
1721276958.437666,Key.shift,release
1721276958.525439,'c',release
1721276958.557864,h,press
1721276958.6146078,'h',release
1721276958.6590989,e,press
1721276958.734934,'e',release
1721276958.766774,n,press
1721276958.8221729,'n',release
1721276958.918823,Key.space,press
1721276959.0272279,Key.space,release
1721276959.1368089,2,press
1721276959.213577,'2',release
1721276959.313708,0,press
1721276959.380241,'0',release
1721276959.440316,2,press
1721276959.516144,'2',release
1721276960.630892,4,press
1721276960.6910179,'4',release
1721276960.955096,0,press
1721276961.031303,'0',release
1721276961.390393,7,press
1721276961.450221,'7',release
1721276961.713801,1,press
1721276961.804963,'1',release
1721276961.876197,7,press
1721276961.944024,'7',release
1721276962.106776,Key.space,press
1721276962.19644,Key.space,release
1721276965.539428,2,press
1721276965.613172,'2',release
1721276965.703945,1,press
1721276965.783873,'1',release
1721276967.1479769,2,press
1721276967.205179,'2',release
1721276967.658387,9,press
1721276967.7301178,'9',release
1721276968.84044,Key.space,press
1721276968.917276,Key.shift,press
1721276968.940454,Key.space,release
1721276969.0741062,P,press
1721276969.1449559,'P',release
1721276969.233314,T,press
1721276969.325341,'T',release
1721276969.5517042,Key.shift,release
1721276970.118119,Key.space,press
1721276970.211475,Key.space,release
1721276970.250738,f,press
1721276970.318167,'f',release
1721276970.425834,r,press
1721276970.481688,'r',release
1721276970.493428,o,press
1721276970.5696151,m,press
1721276970.59759,'o',release
1721276970.6576588,'m',release
1721276970.7530508,Key.space,press
1721276970.850049,Key.space,release
1721276970.915541,Key.shift,press
1721276971.040016,Y,press
1721276971.1115048,Key.shift,release
1721276971.111907,'y',release
1721276971.159192,i,press
1721276971.2432451,'i',release
1721276971.352284,y,press
1721276971.4761941,'y',release
1721276971.486291,u,press
1721276971.6151528,'u',release
1721276971.692645,n,press
1721276971.7730508,'n',release
1721276971.894138,Key.space,press
1721276971.970693,Key.shift,press
1721276971.986457,Key.space,release
1721276972.1183412,C,press
1721276972.159992,Key.shift,release
1721276972.2385821,'c',release
1721276972.2766569,h,press
1721276972.3354409,'h',release
1721276972.397666,e,press
1721276972.469742,'e',release
1721276972.473377,n,press
1721276972.533825,'n',release
1721277001.776149,Key.backspace,press
1721277001.850123,Key.backspace,release
1721277003.118229,Key.cmd,press
1721277003.3291578,s,press
1721277003.396203,Key.cmd,release
1721277003.432357,'s',release
1721277008.76636,Key.enter,press
1721277008.8553832,Key.enter,release
1721277010.74795,Key.shift,press
1721277010.845394,Key.shift,release
1721277014.3255522,Key.caps_lock,press
1721277014.327571,Key.caps_lock,release
1721277014.339136,<255>,release
1721277014.413795,Key.caps_lock,press
1721277014.414058,Key.caps_lock,release
1721277022.835037,Key.enter,press
1721277022.907427,Key.enter,release
1721277028.777835,Key.ctrl,press
1721277028.86672,Key.ctrl,release
1721277030.270997,Key.cmd,press
1721277030.379675,Key.cmd,release
1721277031.148332,Key.alt,press
1721277031.257015,Key.alt,release
1721277033.6515331,Key.ctrl,press
1721277033.7746298,Key.ctrl,release
1721277034.414091,Key.alt,press
1721277034.531852,Key.alt,release
1721277034.8575912,Key.cmd,press
1721277034.979245,Key.cmd,release
1721277042.167584,Key.shift,press
1721277042.4839292,P,press
1721277042.514303,Key.shift,release
1721277042.556905,'p',release
1721277042.630701,a,press
1721277042.7268548,'a',release
1721277042.846842,r,press
1721277042.9270132,'r',release
1721277043.0514638,t,press
1721277043.10239,'t',release
1721277043.413839,Key.enter,press
1721277043.487799,Key.enter,release
1721277043.588016,<63>,release
1721277043.708299,<63>,release
1721277043.7089632,,press
1721277043.709645,<179>,release
1721277044.0567281,2,press
1721277044.107695,'2',release
1721277044.507888,Key.space,press
1721277044.615838,Key.space,release
1721277044.728717,c,press
1721277044.8273458,a,press
1721277044.862923,'c',release
1721277044.9312158,'a',release
1721277044.986738,n,press
1721277045.046049,'n',release
1721277045.2168388,Key.space,press
1721277045.302016,Key.space,release
1721277045.656578,Key.tab,press
1721277045.752981,Key.tab,release
1721277046.084239,Key.enter,press
1721277046.172482,Key.enter,release
1721277088.6129322,Key.shift,press
1721277088.927436,T,press
1721277088.964098,Key.shift,release
1721277089.0079622,'t',release
1721277089.143268,h,press
1721277089.1988401,'h',release
1721277089.2386,e,press
1721277089.322371,'e',release
1721277089.425184,s,press
1721277089.5377102,e,press
1721277089.593735,'s',release
1721277089.6332219,'e',release
1721277089.698654,Key.space,press
1721277089.8063512,Key.space,release
1721277089.9872608,k,press
1721277090.074089,'k',release
1721277090.174464,e,press
1721277090.237799,'e',release
1721277090.379342,y,press
1721277090.441962,'y',release
1721277090.509381,s,press
1721277090.58417,'s',release
1721277090.616689,Key.space,press
1721277090.720782,Key.space,release
1721277090.766201,a,press
1721277090.858919,'a',release
1721277091.0134661,r,press
1721277091.06438,e,press
1721277091.10866,'r',release
1721277091.177474,'e',release
1721277091.23726,Key.space,press
1721277091.345747,Key.space,release
1721277091.850162,c,press
1721277091.880919,'c',release
1721277092.209675,Key.backspace,press
1721277092.2842371,Key.backspace,release
1721277092.291989,r,press
1721277092.3713331,e,press
1721277092.406743,'r',release
1721277092.467639,'e',release
1721277092.617321,c,press
1721277092.709476,'c',release
1721277092.7540338,o,press
1721277092.821292,'o',release
1721277092.878784,r,press
1721277092.938702,'r',release
1721277093.0931919,d,press
1721277093.1693408,'d',release
1721277093.480418,e,press
1721277093.537643,'e',release
1721277093.652271,d,press
1721277093.741245,'d',release
1721277093.81712,Key.space,press
1721277093.9078012,Key.space,release
1721277093.958011,a,press
1721277094.000693,'a',release
1721277094.4226902,s,press
1721277094.494272,'s',release
1721277094.576993,Key.space,press
1721277094.667514,Key.space,release
1721277095.7740438,Key.tab,press
1721277095.8784058,Key.tab,release
1721277096.492613,Key.cmd,press
1721277096.795733,s,press
1721277096.8868852,'s',release
1721277097.040567,Key.cmd,release
1721277100.2882838,Key.space,press
1721277100.38428,Key.space,release
1721277101.1302211,Key.backspace,press
1721277101.203097,Key.backspace,release
1721277102.323049,Key.space,press
1721277102.388335,Key.space,release
1721277102.770914,Key.backspace,press
1721277102.835996,Key.backspace,release
1721277103.3625119,Key.space,press
1721277103.449455,Key.space,release
1721277103.49482,Key.shift,press
1721277103.637532,(,press
1721277103.697255,'(',release
1721277103.726787,Key.shift,release
1721277104.157233,s,press
1721277104.233335,'s',release
1721277104.293053,h,press
1721277104.3688772,'h',release
1721277104.3853,i,press
1721277104.501558,'i',release
1721277104.570302,f,press
1721277104.6535869,'f',release
1721277104.7839081,t,press
1721277104.8435059,'t',release
1721277105.9919748,Key.right,press
1721277106.131901,Key.right,release
1721277106.211513,Key.right,press
1721277106.299357,Key.right,release
1721277106.371424,Key.right,press
1721277106.874629,Key.right,press
1721277106.955922,Key.right,press
1721277107.0405629,Key.right,press
1721277107.1245902,Key.right,press
1721277107.199091,Key.right,release
1721277107.351615,Key.right,press
1721277107.423245,Key.right,release
1721277107.5176902,Key.right,press
1721277107.588583,Key.right,release
1721277107.661918,Key.right,press
1721277107.73381,Key.right,release
1721277107.821823,Key.right,press
1721277107.891074,Key.right,release
1721277108.204503,Key.right,press
1721277108.313112,Key.right,release
1721277109.052761,Key.cmd,press
1721277109.173756,Key.cmd,release
1721277110.9685152,Key.backspace,press
1721277111.055156,Key.backspace,release
1721277111.1497421,Key.backspace,press
1721277111.213578,Key.backspace,release
1721277111.3032598,Key.backspace,press
1721277111.379088,Key.backspace,release
1721277111.4732502,Key.backspace,press
1721277111.528691,Key.backspace,release
1721277111.880269,c,press
1721277111.970114,'c',release
1721277112.3558102,m,press
1721277112.417137,'m',release
1721277112.4917839,d,press
1721277112.5632482,'d',release
1721277114.905344,Key.space,press
1721277114.993363,Key.space,release
1721277115.531904,Key.shift,press
1721277115.865163,(,press
1721277115.9299169,'(',release
1721277115.949545,Key.shift,release
1721277116.093033,c,press
1721277116.1919968,'c',release
1721277116.1954062,o,press
1721277116.259433,'o',release
1721277116.333716,m,press
1721277116.3975291,'m',release
1721277116.4704,m,press
1721277116.546487,'m',release
1721277116.59917,a,press
1721277116.695651,'a',release
1721277116.7859552,n,press
1721277116.824716,'n',release
1721277116.9334521,d,press
1721277117.0205069,'d',release
1721277117.457763,Key.cmd,press
1721277117.7997801,s,press
1721277117.900416,'s',release
1721277117.993394,Key.cmd,release
1721277120.5544431,Key.alt,press
1721277120.643659,Key.alt,release
1721277122.519978,Key.space,press
1721277122.597096,Key.space,release
1721277122.904989,Key.shift,press
1721277123.350168,(,press
1721277123.4072819,'(',release
1721277123.431326,Key.shift,release
1721277124.1494012,o,press
1721277124.2346199,p,press
1721277124.29392,'o',release
1721277124.354083,'p',release
1721277124.455937,t,press
1721277124.5267289,'t',release
1721277124.538972,i,press
1721277124.610959,o,press
1721277124.7158122,n,press
1721277124.751113,'i',release
1721277124.770896,'o',release
1721277124.82758,'n',release
1721277127.903693,Key.backspace,press
1721277127.987901,Key.backspace,release
1721277128.071531,Key.backspace,press
1721277128.155203,Key.backspace,release
1721277128.233839,Key.backspace,press
1721277128.3176699,Key.backspace,release
1721277130.078685,Key.caps_lock,press
1721277130.0792599,Key.caps_lock,release
1721277130.090687,<255>,release
1721277130.159866,Key.caps_lock,press
1721277130.160065,Key.caps_lock,release
1721277131.650761,Key.caps_lock,press
1721277131.651375,Key.caps_lock,release
1721277131.6664162,<255>,release
1721277131.73667,Key.caps_lock,press
1721277131.7368588,Key.caps_lock,release
1721277134.4927082,Key.ctrl,press
1721277134.574111,Key.ctrl,release
1721277136.4832609,c,press
1721277136.580256,'c',release
1721277136.776027,t,press
1721277136.8419142,'t',release
1721277137.001148,r,press
1721277137.0838149,'r',release
1721277137.152873,l,press
1721277137.236674,'l',release
1721277138.050514,Key.right,press
1721277138.190974,Key.right,release
1721277139.177016,Key.space,press
1721277139.273401,Key.space,release
1721277139.408032,Key.shift,press
1721277139.608415,(,press
1721277139.678844,'(',release
1721277139.778385,Key.shift,release
1721277141.076054,c,press
1721277141.1603358,o,press
1721277141.1641622,'c',release
1721277141.240748,n,press
1721277141.252081,'o',release
1721277141.316384,'n',release
1721277141.3681228,t,press
1721277141.448272,'t',release
1721277141.570466,r,press
1721277141.6583412,'r',release
1721277141.730148,o,press
1721277141.796824,'o',release
1721277141.914369,l,press
1721277142.001992,'l',release
1721277144.820501,Key.shift,press
1721277145.032792,Key.ctrl,press
1721277145.111844,Key.ctrl,release
1721277145.445087,Key.shift,release
1721277149.3320398,Key.cmd,press
1721277149.544487,s,press
1721277149.652677,'s',release
1721277149.81458,Key.cmd,release
1721277151.923887,Key.enter,press
1721277152.018965,Key.enter,release
1721277153.460194,Key.tab,press
1721277153.569029,Key.tab,release
1721277156.454645,=,press
1721277156.5313332,'=',release
1721277156.868366,Key.backspace,press
1721277156.945675,Key.backspace,release
1721277157.032773,Key.backspace,press
1721277157.10013,Key.backspace,release
1721277157.294018,2,press
1721277157.35652,'2',release
1721277157.77223,Key.cmd,press
1721277158.175848,s,press
1721277158.317804,'s',release
1721277158.4869592,Key.cmd,release
1721277166.184314,,press
1721277166.29641,<160>,release
1721277167.3823419,,press
1721277167.480763,<160>,release
1721277176.082148,,press
1721277176.158792,<160>,release
1721277176.9312918,,press
1721277177.026526,<160>,release
1721277179.27937,,press
1721277179.3685079,<177>,release
1721277181.006279,,press
1721277181.106863,<177>,release
1721277184.299801,,press
1721277184.430277,<176>,release
1721277184.434056,,press
1721277184.4386072,<176>,release
1721277187.569752,,press
1721277187.70506,<178>,release
1721277190.552257,Key.media_play_pause,press
1721277190.6603708,Key.media_play_pause,release
1721277193.171932,Key.media_volume_mute,press
1721277193.287534,Key.media_volume_mute,release
1721277195.269879,Key.media_volume_mute,press
1721277195.351308,Key.media_volume_mute,release
1721277196.826985,Key.media_volume_down,press
1721277196.923232,Key.media_volume_down,release
1721277198.345173,Key.media_volume_up,press
1721277198.488364,Key.media_volume_up,release
1721277215.62137,Key.enter,press
1721277215.704062,Key.enter,release
1721277218.167928,Key.shift,press
1721277218.329362,P,press
1721277218.406202,Key.shift,release
1721277218.410302,'p',release
1721277218.5378602,a,press
1721277218.612997,'a',release
1721277218.692676,r,press
1721277218.783675,'r',release
1721277218.893302,t,press
1721277218.959338,'t',release
1721277219.082897,Key.space,press
1721277219.178435,Key.space,release
1721277219.5070841,Key.backspace,press
1721277219.578864,Key.backspace,release
1721277219.629431,3,press
1721277219.697044,'3',release
1721277219.781643,Key.space,press
1721277219.8767831,Key.space,release
1721277219.942654,c,press
1721277220.026987,a,press
1721277220.073847,'c',release
1721277220.145932,'a',release
1721277220.1711638,n,press
1721277220.230329,'n',release
1721277220.316073,n,press
1721277220.379946,'n',release
1721277220.480739,o,press
1721277220.5476649,'o',release
1721277220.6194901,t,press
1721277220.694752,'t',release
1721277220.7240472,Key.space,press
1721277220.824215,Key.space,release
1721277220.918328,b,press
1721277220.973451,'b',release
1721277221.0286689,e,press
1721277221.100754,'e',release
1721277221.134733,Key.space,press
1721277221.226738,Key.space,release
1721277221.589986,r,press
1721277221.652867,e,press
1721277221.6851919,'r',release
1721277221.741312,'e',release
1721277221.8807921,c,press
1721277221.969158,'c',release
1721277222.023735,o,press
1721277222.088285,'o',release
1721277222.131148,r,press
1721277222.199779,'r',release
1721277222.969056,d,press
1721277223.054686,'d',release
1721277223.166904,e,press
1721277223.220822,'e',release
1721277223.350825,d,press
1721277223.4429991,'d',release
1721277223.543338,Key.space,press
1721277223.635812,Key.space,release
1721277224.084687,c,press
1721277224.158559,'c',release
1721277224.194458,o,press
1721277224.258186,'o',release
1721277224.347251,r,press
1721277224.410891,'r',release
1721277224.501163,r,press
1721277224.575829,'r',release
1721277224.6713731,e,press
1721277224.744339,'e',release
1721277224.9129338,c,press
1721277224.966727,'c',release
1721277225.132958,t,press
1721277225.184009,'t',release
1721277225.256955,l,press
1721277225.357517,'l',release
1721277225.5199292,y,press
1721277225.581246,'y',release
1721277225.690201,Key.space,press
1721277225.77924,Key.space,release
1721277225.88944,b,press
1721277225.9490309,'b',release
1721277226.068189,y,press
1721277226.128344,'y',release
1721277226.228986,Key.space,press
1721277226.3313699,Key.space,release
1721277226.422692,p,press
1721277226.4946408,'p',release
1721277226.7807019,y,press
1721277226.844196,'y',release
1721277226.9680882,a,press
1721277227.068579,'a',release
1721277227.521748,Key.backspace,press
1721277227.582077,Key.backspace,release
1721277228.3709152,n,press
1721277228.4227798,'n',release
1721277228.560609,p,press
1721277228.6728058,'p',release
1721277228.767822,u,press
1721277228.831351,'u',release
1721277228.928788,t,press
1721277229.0087879,'t',release
1721277229.111705,Key.space,press
1721277229.206366,Key.space,release
1721277229.322093,o,press
1721277229.38724,'o',release
1721277229.465903,n,press
1721277229.5180118,'n',release
1721277229.8556411,Key.space,press
1721277229.944854,Key.space,release
1721277230.007206,m,press
1721277230.073726,'m',release
1721277230.108858,a,press
1721277230.18065,'a',release
1721277230.251992,c,press
1721277230.349761,'c',release
1721277230.453481,b,press
1721277230.509515,'b',release
1721277230.67445,o,press
1721277230.729291,'o',release
1721277230.820788,o,press
1721277230.8819158,'o',release
1721277230.994294,k,press
1721277231.060776,'k',release
1721277231.250643,.,press
1721277231.346157,'.',release
1721277231.843761,Key.enter,press
1721277231.92319,Key.enter,release
1721277233.72574,Key.shift,press
1721277234.0985248,I,press
1721277234.171108,'I',release
1721277234.182864,Key.shift,release
1721277234.602346,Key.backspace,press
1721277234.6718452,Key.backspace,release
1721277235.1623769,Key.shift,press
1721277235.266359,I,press
1721277235.321669,'I',release
1721277235.333606,Key.shift,release
1721277235.51602,n,press
1721277235.583791,'n',release
1721277235.7705238,Key.space,press
1721277235.853128,Key.space,release
1721277236.1410172,b,press
1721277236.195603,'b',release
1721277236.553447,Key.backspace,press
1721277236.6192791,Key.backspace,release
1721277236.7030761,Key.backspace,press
1721277236.772434,Key.backspace,release
1721277236.860577,Key.backspace,press
1721277236.924354,Key.backspace,release
1721277236.9986272,Key.backspace,press
1721277237.0822,Key.backspace,release
1721277368.777746,Key.shift,press
1721277368.9415722,A,press
1721277369.0115762,Key.shift,release
1721277369.054183,'a',release
1721277369.1562161,m,press
1721277369.233343,'m',release
1721277369.308314,o,press
1721277369.379714,'o',release
1721277369.445892,n,press
1721277369.504807,'n',release
1721277369.611927,g,press
1721277369.668555,'g',release
1721277370.055042,Key.space,press
1721277370.1522062,Key.space,release
1721277370.272458,t,press
1721277370.344437,'t',release
1721277370.38015,h,press
1721277370.439931,'h',release
1721277370.513852,e,press
1721277370.593865,'e',release
1721277370.619231,m,press
1721277370.673383,'m',release
1721277371.288125,",",press
1721277371.3595362,"','",release
1721277371.438209,Key.space,press
1721277371.538068,Key.space,release
1721277371.970794,Key.enter,press
1721277372.056802,Key.enter,release
1721277372.336315,Key.shift,press
1721277372.4899359,F,press
1721277372.556976,Key.shift,release
1721277372.618464,'f',release
1721277372.8716748,1,press
1721277372.937741,'1',release
1721277373.246598,Key.space,press
1721277373.34042,Key.space,release
1721277374.21967,Key.backspace,press
1721277374.285011,Key.backspace,release
1721277374.4924202,",",press
1721277374.579604,"','",release
1721277374.668041,Key.space,press
1721277374.7687428,Key.space,release
1721277375.066287,Key.shift,press
1721277375.247233,F,press
1721277375.3275342,Key.shift,release
1721277375.361761,'f',release
1721277375.544273,w,press
1721277375.6024551,'w',release
1721277375.7355928,Key.space,press
1721277375.838958,Key.space,release
1721277375.870681,c,press
1721277375.951669,'c',release
1721277376.214154,Key.backspace,press
1721277376.281753,Key.backspace,release
1721277376.370836,Key.backspace,press
1721277376.4450529,Key.backspace,release
1721277376.5163572,Key.backspace,press
1721277376.604212,Key.backspace,release
1721277376.7953658,2,press
1721277376.854642,'2',release
1721277376.991926,Key.space,press
1721277377.087934,Key.space,release
1721277377.1486561,c,press
1721277377.204467,a,press
1721277377.243786,'c',release
1721277377.308911,'a',release
1721277377.3115819,n,press
1721277377.3722072,'n',release
1721277377.461175,n,press
1721277377.528218,'n',release
1721277377.644295,o,press
1721277377.7054038,'o',release
1721277377.768137,t,press
1721277377.8357508,'t',release
1721277377.8821561,Key.space,press
1721277377.9744902,Key.space,release
1721277378.073664,b,press
1721277378.124471,'b',release
1721277378.171246,e,press
1721277378.238774,'e',release
1721277378.277121,Key.space,press
1721277378.376609,Key.space,release
1721277378.4437969,r,press
1721277378.504939,e,press
1721277378.540419,'r',release
1721277378.6014569,'e',release
1721277378.7211032,c,press
1721277378.8358889,'c',release
1721277378.8697128,o,press
1721277378.943439,'o',release
1721277379.002497,r,press
1721277379.07638,'r',release
1721277379.744511,d,press
1721277379.8365152,'d',release
1721277379.952387,e,press
1721277380.007946,'e',release
1721277380.184669,d,press
1721277380.262246,'d',release
1721277382.638079,.,press
1721277382.727881,'.',release
1721277382.919713,Key.enter,press
1721277383.0154119,Key.enter,release
1721277384.685075,,press
1721277384.751657,<160>,release
1721277385.1839528,,press
1721277385.25838,<160>,release
1721277390.5450618,Key.cmd,press
1721277390.608694,c,press
1721277390.647261,Key.cmd,release
1721277390.723609,'c',release
1721277393.361589,Key.shift,press
1721277393.523871,F,press
1721277393.619105,Key.shift,release
1721277393.6708748,'f',release
1721277394.020322,3,press
1721277394.102596,'3',release
1721277395.018642,Key.shift,press
1721277395.20827,:,press
1721277395.289105,':',release
1721277395.300406,Key.shift,release
1721277395.463665,Key.enter,press
1721277395.5478241,Key.enter,release
1721277396.371487,`,press
1721277396.436645,'`',release
1721277396.543201,`,press
1721277396.603441,'`',release
1721277396.690235,`,press
1721277396.758362,'`',release
1721277397.1943119,Key.enter,press
1721277397.293864,Key.enter,release
1721277398.102974,Key.enter,press
1721277398.185302,Key.enter,release
1721277398.506123,Key.up,press
1721277398.595396,Key.up,release
1721277399.393302,Key.cmd,press
1721277399.449709,v,press
1721277399.484331,Key.cmd,release
1721277399.549485,'v',release
1721277401.631474,Key.enter,press
1721277401.708454,Key.enter,release
1721277403.252518,Key.enter,press
1721277403.3347359,Key.enter,release
1721277405.0942268,Key.enter,press
1721277405.173318,Key.enter,release
1721277405.511746,Key.enter,press
1721277405.574018,Key.enter,release
1721277406.4222531,Key.shift,press
1721277406.617214,F,press
1721277406.7395918,'F',release
1721277406.742362,Key.shift,release
1721277407.6346738,4,press
1721277407.693671,'4',release
1721277407.932826,Key.shift,press
1721277408.12304,:,press
1721277408.2067258,':',release
1721277408.237865,Key.shift,release
1721277408.59696,Key.enter,press
1721277408.678886,Key.enter,release
1721277409.575689,`,press
1721277409.648841,'`',release
1721277409.7510662,`,press
1721277409.826093,'`',release
1721277409.897412,`,press
1721277409.97366,'`',release
1721277410.320252,Key.enter,press
1721277410.4053671,Key.enter,release
1721277410.619443,Key.enter,press
1721277410.710546,Key.enter,release
1721277412.788621,,press
1721277412.866049,<177>,release
1721277413.7830331,,press
1721277413.805185,<177>,release
1721277418.334676,Key.cmd,press
1721277418.386531,c,press
1721277418.4362109,Key.cmd,release
1721277418.5167758,'c',release
1721277420.507088,Key.cmd,press
1721277420.5468569,v,press
1721277420.595758,Key.cmd,release
1721277420.659275,'v',release
1721277420.982133,Key.cmd,press
1721277421.050716,Key.cmd,release
1721277423.365441,Key.enter,press
1721277423.445534,Key.enter,release
1721277425.367625,,press
1721277425.452655,<176>,release
1721277425.45574,,press
1721277425.456564,<176>,release
1721277427.51048,,press
1721277427.596277,<176>,release
1721277427.600182,,press
1721277427.6006458,<176>,release
1721277432.835752,Key.cmd,press
1721277432.894995,c,press
1721277432.938601,Key.cmd,release
1721277433.0189672,'c',release
1721277437.572149,Key.shift,press
1721277437.807907,F,press
1721277437.924273,'F',release
1721277437.9482062,Key.shift,release
1721277438.274236,5,press
1721277438.335894,'5',release
1721277438.9881,Key.shift,press
1721277439.461587,:,press
1721277439.559066,':',release
1721277439.5621812,Key.shift,release
1721277440.034912,`,press
1721277440.138747,'`',release
1721277440.597162,Key.backspace,press
1721277440.667884,Key.backspace,release
1721277441.083292,Key.enter,press
1721277441.164431,Key.enter,release
1721277441.481911,`,press
1721277441.579013,'`',release
1721277441.6502101,`,press
1721277441.745499,'`',release
1721277442.109399,`,press
1721277442.200379,'`',release
1721277442.407565,Key.enter,press
1721277442.5004659,Key.enter,release
1721277443.303648,Key.enter,press
1721277443.385841,Key.enter,release
1721277443.6692321,Key.up,press
1721277443.745912,Key.up,release
1721277444.297118,Key.cmd,press
1721277444.344832,v,press
1721277444.3853052,Key.cmd,release
1721277444.448243,'v',release
1721277444.550231,Key.cmd,press
1721277444.744067,s,press
1721277444.83532,'s',release
1721277444.9362,Key.cmd,release
1721277445.567921,Key.enter,press
1721277445.602846,Key.enter,release
1721277446.2176719,Key.backspace,press
1721277446.2792299,Key.backspace,release
1721277446.896993,Key.down,press
1721277446.9806368,Key.down,release
1721277447.3998148,Key.enter,press
1721277447.477761,Key.enter,release
1721277447.578054,Key.enter,press
1721277447.643817,Key.enter,release
1721277448.674357,Key.shift,press
1721277448.860485,F,press
1721277448.987571,'F',release
1721277448.9953878,Key.shift,release
1721277449.272928,6,press
1721277449.328597,'6',release
1721277450.143602,Key.shift,press
1721277450.431177,:,press
1721277450.512886,':',release
1721277450.52865,Key.shift,release
1721277450.7870789,Key.enter,press
1721277450.876502,Key.enter,release
1721277451.6691232,`,press
1721277451.7184398,'`',release
1721277451.816292,`,press
1721277451.888082,'`',release
1721277451.9648168,`,press
1721277452.032619,'`',release
1721277452.388705,Key.enter,press
1721277452.483951,Key.enter,release
1721277452.741138,Key.enter,press
1721277452.8366861,Key.enter,release
1721277453.376368,Key.up,press
1721277453.4781399,Key.up,release
1721277453.8131251,Key.cmd,press
1721277454.032058,s,press
1721277454.142404,'s',release
1721277454.2432818,Key.cmd,release
1721277458.899609,,press
1721277458.9733078,<178>,release
1721277460.557075,,press
1721277460.634762,<178>,release
1721277463.9017851,Key.cmd,press
1721277463.930825,c,press
1721277463.989753,Key.cmd,release
1721277464.059425,'c',release
1721277465.963469,Key.cmd,press
1721277466.01659,v,press
1721277466.0583308,Key.cmd,release
1721277466.134204,'v',release
1721277466.314523,Key.cmd,press
1721277466.523494,s,press
1721277466.624417,'s',release
1721277466.7001731,Key.cmd,release
1721277468.280319,Key.down,press
1721277468.3904011,Key.down,release
1721277468.78827,Key.enter,press
1721277468.863552,Key.enter,release
1721277469.324553,Key.enter,press
1721277469.393919,Key.enter,release
1721277476.217084,Key.media_play_pause,press
1721277476.3047419,Key.media_play_pause,release
1721277481.821728,Key.shift,press
1721277482.0276768,F,press
1721277482.162391,Key.shift,release
1721277482.165241,'f',release
1721277483.1587799,7,press
1721277483.225613,'7',release
1721277483.3290691,Key.space,press
1721277483.4335291,Key.space,release
1721277483.473909,a,press
1721277483.5519528,n,press
1721277483.568327,'a',release
1721277483.613921,'n',release
1721277483.702432,d,press
1721277483.758649,Key.space,press
1721277483.776535,'d',release
1721277483.853538,Key.space,release
1721277483.9375172,Key.shift,press
1721277484.1386602,F,press
1721277484.225715,Key.shift,release
1721277484.276874,'f',release
1721277484.951334,9,press
1721277485.014608,'9',release
1721277485.075548,Key.space,press
1721277485.1950452,Key.space,release
1721277485.2929122,c,press
1721277485.389801,a,press
1721277485.416171,'c',release
1721277485.489399,n,press
1721277485.499886,'a',release
1721277485.5444539,'n',release
1721277485.633913,n,press
1721277485.709057,'n',release
1721277486.454487,o,press
1721277486.532467,'o',release
1721277486.840323,t,press
1721277486.918445,'t',release
1721277487.228933,Key.space,press
1721277487.311281,Key.space,release
1721277487.404586,b,press
1721277487.463356,'b',release
1721277487.8431559,e,press
1721277487.9155672,'e',release
1721277487.9841878,Key.space,press
1721277488.0870888,Key.space,release
1721277488.156855,r,press
1721277488.216862,e,press
1721277488.247412,'r',release
1721277488.303947,'e',release
1721277488.497301,c,press
1721277488.602441,'c',release
1721277488.6260722,o,press
1721277488.6976588,'o',release
1721277488.761463,r,press
1721277488.828116,'r',release
1721277488.99588,d,press
1721277489.084437,'d',release
1721277489.2685142,e,press
1721277489.3373592,'e',release
1721277489.480082,d,press
1721277489.564245,'d',release
1721277489.705237,.,press
1721277489.814185,'.',release
1721277489.862678,Key.space,press
1721277489.962656,Key.space,release
1721277490.14334,Key.enter,press
1721277490.2302961,Key.enter,release
1721277490.444649,Key.enter,press
1721277490.538904,Key.enter,release
1721277490.9940858,Key.cmd,press
1721277491.21605,s,press
1721277491.300826,'s',release
1721277491.4109938,Key.cmd,release
1721277492.568017,Key.shift,press
1721277492.70182,F,press
1721277492.780452,Key.shift,release
1721277492.8284612,'f',release
1721277493.6195,8,press
1721277493.6771789,'8',release
1721277493.780067,Key.shift,press
1721277494.071139,:,press
1721277494.1560729,':',release
1721277494.195503,Key.shift,release
1721277494.348848,Key.enter,press
1721277494.436296,Key.enter,release
1721277495.621904,`,press
1721277495.682991,'`',release
1721277495.7968261,`,press
1721277495.860563,'`',release
1721277495.919939,`,press
1721277496.008169,'`',release
1721277496.1004622,Key.enter,press
1721277496.188572,Key.enter,release
1721277496.904657,Key.enter,press
1721277497.0059662,Key.enter,release
1721277499.983263,Key.media_play_pause,press
1721277500.0535738,Key.media_play_pause,release
1721277503.016038,Key.cmd,press
1721277503.061962,c,press
1721277503.112076,Key.cmd,release
1721277503.176376,'c',release
1721277504.8113122,Key.cmd,press
1721277504.885473,v,press
1721277504.920322,Key.cmd,release
1721277504.997426,'v',release
1721277505.146058,Key.cmd,press
1721277505.3571992,s,press
1721277505.472888,'s',release
1721277505.580804,Key.cmd,release
1721277507.277473,Key.enter,press
1721277507.3587358,Key.enter,release
1721277507.460321,Key.enter,press
1721277507.52587,Key.enter,release
1721277507.603004,Key.enter,press
1721277507.678964,Key.enter,release
1721277508.229897,Key.up,press
1721277508.327803,Key.up,release
1721277508.430333,Key.up,press
1721277508.534013,Key.up,release
1721277508.611468,Key.up,press
1721277508.701581,Key.up,release
1721277509.47958,Key.enter,press
1721277509.548518,Key.enter,release
1721277512.650248,Key.media_volume_mute,press
1721277512.722381,Key.media_volume_mute,release
1721277513.579037,Key.media_volume_mute,press
1721277513.663742,Key.media_volume_mute,release
1721277514.152191,Key.media_volume_down,press
1721277514.23221,Key.media_volume_down,release
1721277514.557935,Key.media_volume_up,press
1721277514.63501,Key.media_volume_up,release
1721277516.131031,Key.media_volume_up,press
1721277516.2170932,Key.media_volume_up,release
1721277518.27875,Key.media_volume_mute,press
1721277518.3489091,Key.media_volume_mute,release
1721277518.612949,Key.media_volume_down,press
1721277518.686063,Key.media_volume_down,release
1721277518.9409542,Key.media_volume_up,press
1721277519.005931,Key.media_volume_up,release
1721277521.606705,Key.shift,press
1721277521.8446531,F,press
1721277521.91409,Key.shift,release
1721277521.9741912,'f',release
1721277522.439863,1,press
1721277522.5267031,'1',release
1721277522.8929431,0,press
1721277522.967818,'0',release
1721277523.152895,Key.space,press
1721277523.2314,Key.space,release
1721277523.4392252,-,press
1721277523.508468,'-',release
1721277523.730898,Key.space,press
1721277523.833952,Key.space,release
1721277524.467825,Key.backspace,press
1721277524.5376482,Key.backspace,release
1721277525.093917,Key.space,press
1721277525.189028,Key.shift,press
1721277525.2028391,Key.space,release
1721277525.336123,F,press
1721277525.400921,Key.shift,release
1721277525.4611242,'f',release
1721277525.6273952,2,press
1721277525.684563,'2',release
1721277526.091349,Key.backspace,press
1721277526.1828961,Key.backspace,release
1721277526.212283,1,press
1721277526.304039,2,press
1721277526.3597848,'1',release
1721277526.4238982,'2',release
1721277526.715107,Key.space,press
1721277526.810046,Key.space,release
1721277536.6064901,Key.cmd,press
1721277536.660366,c,press
1721277536.7036538,Key.cmd,release
1721277536.780786,'c',release
1721277538.851886,Key.space,press
1721277538.908902,Key.space,release
1721277539.235272,Key.backspace,press
1721277539.305509,Key.backspace,release
1721277539.40664,a,press
1721277539.514733,'a',release
1721277539.705488,r,press
1721277539.766546,e,press
1721277539.8045619,'r',release
1721277539.873926,'e',release
1721277539.890454,Key.space,press
1721277539.9798899,Key.space,release
1721277540.179339,a,press
1721277540.275525,'a',release
1721277540.3956459,s,press
1721277540.47138,'s',release
1721277540.714903,Key.backspace,press
1721277540.7749681,Key.backspace,release
1721277540.878965,Key.backspace,press
1721277540.9596028,Key.backspace,release
1721277541.067413,t,press
1721277541.126691,'t',release
1721277541.1668758,h,press
1721277541.221556,'h',release
1721277541.266643,e,press
1721277541.3382661,'e',release
1721277541.3676858,Key.space,press
1721277541.4611468,Key.space,release
1721277541.527313,f,press
1721277541.6085372,o,press
1721277541.618536,'f',release
1721277541.670718,'o',release
1721277541.8057191,l,press
1721277541.881176,'l',release
1721277541.9508522,l,press
1721277542.0416052,'l',release
1721277542.111934,o,press
1721277542.1925461,'o',release
1721277542.2509398,w,press
1721277542.354646,i,press
1721277542.35552,'w',release
1721277542.4342241,n,press
1721277542.461535,'i',release
1721277542.513876,'n',release
1721277542.530519,g,press
1721277542.61453,'g',release
1721277542.736586,s,press
1721277542.8040938,'s',release
1721277543.113739,Key.shift,press
1721277543.4287171,:,press
1721277543.493841,Key.shift,release
1721277543.501003,';',release
1721277543.629834,Key.enter,press
1721277543.7099571,Key.enter,release
1721277544.3610759,`,press
1721277544.4224901,'`',release
1721277544.520687,`,press
1721277544.5926442,'`',release
1721277544.677185,`,press
1721277544.7395358,'`',release
1721277544.860984,Key.enter,press
1721277544.950733,Key.enter,release
1721277546.111944,Key.enter,press
1721277546.1947908,Key.enter,release
1721277546.518978,Key.up,press
1721277546.606488,Key.up,release
1721277546.8630452,Key.cmd,press
1721277546.985319,Key.cmd,release
1721277547.880723,Key.cmd,press
1721277548.40833,v,press
1721277548.470619,'v',release
1721277548.5185862,Key.cmd,release
1721277548.675337,Key.cmd,press
1721277548.8560472,s,press
1721277548.970502,'s',release
1721277549.0515258,Key.cmd,release
1721277584.1292238,Key.enter,press
1721277584.206356,Key.enter,release
1721277584.302732,Key.enter,press
1721277584.374923,Key.enter,release
1721277584.4584079,Key.enter,press
1721277584.534474,Key.enter,release
1721277584.967527,Key.up,press
1721277585.054006,Key.up,release
1721277585.130475,Key.up,press
1721277585.213668,Key.up,release
1721277589.0136802,Key.esc,press
1721277589.100755,Key.esc,release
1721277619.4050848,Key.space,press
1721277619.475216,Key.space,release
1721277622.311596,Key.backspace,press
1721277622.3857012,Key.backspace,release
1721277623.31456,Key.tab,press
1721277623.395941,Key.tab,release
1721277628.665729,Key.caps_lock,press
1721277628.6677299,Key.caps_lock,release
1721277628.674967,<255>,release
1721277628.700244,Key.caps_lock,press
1721277628.700403,Key.caps_lock,release
1721277632.547638,Key.enter,press
1721277632.673528,Key.enter,release
1721277638.688014,Key.backspace,press
1721277638.782509,Key.backspace,release
1721277642.7417028,Key.shift,press
1721277642.870412,Key.shift,release
1721277650.097824,<63>,release
1721277650.2577238,<63>,release
1721277650.258479,,press
1721277650.259178,<179>,release
1721277652.276416,<63>,release
1721277652.406135,<63>,release
1721277652.413065,,press
1721277652.4135349,<179>,release
1721277653.983706,<63>,release
1721277656.511914,<63>,release
1721277659.7133691,<63>,release
1721277659.799423,<63>,release
1721277659.807819,,press
1721277659.808514,<179>,release
1721277661.570258,<63>,release
1721277661.67401,<63>,release
1721277661.674668,,press
1721277661.675284,<179>,release
1721277664.533534,<63>,release
1721277664.6402261,<63>,release
1721277664.6470342,,press
1721277664.647455,<179>,release
1721277665.991431,<63>,release
1721277666.1267672,<63>,release
1721277666.1280131,,press
1721277666.128476,<179>,release
1721277668.012067,<63>,release
1721277668.13488,<63>,release
1721277668.139287,,press
1721277668.139801,<179>,release
1721277672.36991,<63>,release
1721277674.804447,<63>,release
1721277675.976321,<63>,release
1721277676.095222,<63>,release
1721277676.100946,,press
1721277676.101952,<179>,release
1721277676.807721,<63>,release
1721277676.9120069,<63>,release
1721277676.913101,,press
1721277676.913606,<179>,release
1721277678.24191,<63>,release
1721277678.3357818,<63>,release
1721277678.34218,,press
1721277678.3426611,<179>,release
1721277680.066672,<63>,release
1721277680.180581,<63>,release
1721277680.1809669,,press
1721277680.181371,<179>,release
1721277681.914507,Key.shift,press
1721277682.028899,Key.shift,release
1721277683.014944,Key.shift,press
1721277683.119621,Key.shift,release
1721277684.032127,<63>,release
1721277684.134526,<63>,release
1721277684.141315,,press
1721277684.1417768,<179>,release
1721277698.90513,Key.backspace,press
1721277698.969664,Key.backspace,release
1721277713.903007,Key.backspace,press
1721277713.973598,Key.backspace,release
1721277714.052883,Key.backspace,press
1721277714.1198049,Key.backspace,release
1721277714.572314,,press
1721277714.654201,'',release
1721277714.983071,Key.enter,press
1721277715.0834079,Key.enter,release
1721277716.055915,Key.shift,press
1721277717.0228639,Key.shift,release
1721277719.157847,Key.space,press
1721277719.239125,Key.space,release
1721277721.9606779,x,press
1721277722.058034,'x',release
1721277722.378908,Key.backspace,press
1721277722.456695,Key.backspace,release
1721277722.486481,e,press
1721277722.557913,'e',release
1721277722.715589,x,press
1721277722.795221,'x',release
1721277723.334699,Key.enter,press
1721277723.4101708,Key.enter,release
1721277723.5503721,Key.shift,press
1721277723.654662,Key.shift,release
1721277724.065417,c,press
1721277724.147552,'c',release
1721277724.267052,l,press
1721277724.3386219,'l',release
1721277724.454307,u,press
1721277724.512743,'u',release
1721277724.553449,d,press
1721277724.637887,'d',release
1721277724.769587,e,press
1721277724.830454,'e',release
1721277725.039636,Key.enter,press
1721277725.118934,Key.enter,release
1721277725.4459038,Key.shift,press
1721277725.533207,Key.shift,release
1721277725.747197,<63>,release
1721277725.8577971,<63>,release
1721277725.862245,,press
1721277725.862384,<179>,release
1721277729.515193,Key.space,press
1721277729.615542,Key.space,release
1721277729.840019,Key.shift,press
1721277730.016282,F,press
1721277730.103947,'F',release
1721277730.1394181,Key.shift,release
1721277730.414187,n,press
1721277730.4768891,'n',release
1721277732.313637,Key.shift,press
1721277732.7046049,Key.shift,release
1721277733.923788,Key.enter,press
1721277734.0139751,Key.enter,release
1721277734.112413,Key.shift,press
1721277734.763536,W,press
1721277734.8491142,'W',release
1721277734.864511,Key.shift,release
1721277735.0307798,h,press
1721277735.0861719,'h',release
1721277735.157521,e,press
1721277735.2335129,'e',release
1721277735.266103,n,press
1721277735.329503,'n',release
1721277735.450031,Key.space,press
1721277735.519125,Key.shift,press
1721277735.549002,Key.space,release
1721277735.6946769,F,press
1721277735.793962,'F',release
1721277735.9574778,Key.shift,release
1721277736.175728,n,press
1721277736.232523,'n',release
1721277736.394815,Key.space,press
1721277736.5031621,Key.space,release
1721277737.095667,p,press
1721277737.169941,'p',release
1721277737.1704252,r,press
1721277737.2312698,e,press
1721277737.2672682,'r',release
1721277737.327577,'e',release
1721277737.4276328,s,press
1721277737.51601,'s',release
1721277737.591669,s,press
1721277737.6733398,'s',release
1721277737.8454652,e,press
1721277737.917095,'e',release
1721277738.1631901,d,press
1721277738.236237,'d',release
1721277738.4709,Key.shift,press
1721277738.873076,:,press
1721277738.950391,':',release
1721277738.962017,Key.shift,release
1721277739.1742,Key.enter,press
1721277739.257594,Key.enter,release
1721277739.55321,Key.enter,press
1721277739.644764,Key.enter,release
1721277739.811362,Key.enter,press
1721277739.906102,Key.enter,release
1721277740.588467,Key.up,press
1721277740.6822112,Key.up,release
1721277741.436449,Key.down,press
1721277741.4372668,Key.up,press
1721277741.491951,Key.up,release
1721277741.512515,Key.down,release
1721277741.8832362,Key.up,press
1721277741.986084,Key.up,release
1721277742.657533,`,press
1721277742.722176,'`',release
1721277742.8399842,`,press
1721277742.905792,'`',release
1721277742.987595,`,press
1721277743.071041,'`',release
1721277743.249556,Key.enter,press
1721277743.341328,Key.enter,release
1721277744.3138938,Key.enter,press
1721277744.3806112,Key.enter,release
1721277744.88591,Key.down,press
1721277744.9762719,Key.down,release
1721277745.9053051,Key.up,press
1721277745.99759,Key.up,release
1721277746.310307,Key.up,press
1721277746.400762,Key.up,release
1721277749.595273,<63>,release
1721277751.586506,<63>,release
1721277754.016146,<63>,release
1721277754.9062011,<63>,release
1721277756.065023,<63>,release
1721277756.158505,<63>,release
1721277756.159358,,press
1721277756.161252,<179>,release
1721277757.886394,<63>,release
1721277758.828972,<63>,release
1721277762.6864781,<63>,release
1721277764.183754,<63>,release
1721277765.229225,<63>,release
1721277765.32078,<63>,release
1721277765.3217092,,press
1721277765.322359,<179>,release
1721277766.2400682,<63>,release
1721277766.333198,<63>,release
1721277766.333954,,press
1721277766.334629,<179>,release
1721277767.9967859,<63>,release
1721277768.090833,<63>,release
1721277768.091676,,press
1721277768.092322,<179>,release
1721277769.5664692,<63>,release
1721277769.6842399,<63>,release
1721277769.6857321,,press
1721277769.686433,<179>,release
1721277776.0138109,Key.cmd,press
1721277776.0796852,c,press
1721277776.134353,Key.cmd,release
1721277776.2127109,'c',release
1721277778.7252119,Key.cmd,press
1721277778.778429,v,press
1721277778.828663,Key.cmd,release
1721277778.8933408,'v',release
1721277780.695076,Key.backspace,press
1721277780.76184,Key.backspace,release
1721277781.497341,,press
1721277781.57317,'',release
1721277781.616415,Key.space,press
1721277781.7119958,Key.space,release
1721277781.738621,a,press
1721277781.841696,'a',release
1721277781.881662,n,press
1721277781.932908,'n',release
1721277781.9565241,d,press
1721277782.051852,'d',release
1721277782.093343,Key.space,press
1721277782.189782,Key.space,release
1721277782.474367,Key.backspace,press
1721277782.5329149,Key.backspace,release
1721277782.6239,Key.backspace,press
1721277782.686184,Key.backspace,release
1721277782.757067,Key.backspace,press
1721277782.8487182,Key.backspace,release
1721277783.0862799,Key.backspace,press
1721277783.17418,Key.backspace,release
1721277783.359599,<63>,release
1721277783.472872,<63>,release
1721277783.47347,,press
1721277783.474056,<179>,release
1721277785.307895,Key.backspace,press
1721277785.383919,Key.backspace,release
1721277785.485483,Key.backspace,press
1721277785.552768,Key.backspace,release
1721277786.3448691,d,press
1721277786.415974,'d',release
1721277786.901792,",",press
1721277786.989444,"','",release
1721277787.0528052,Key.space,press
1721277787.156713,Key.space,release
1721277788.638531,q,press
1721277788.706609,'q',release
1721277788.784034,u,press
1721277788.839744,'u',release
1721277788.9629009,i,press
1721277789.018868,'i',release
1721277789.1443331,c,press
1721277789.247436,'c',release
1721277789.2749372,k,press
1721277789.343373,'k',release
1721277789.428843,Key.space,press
1721277789.527589,Key.space,release
1721277789.627769,p,press
1721277789.697469,'p',release
1721277789.719732,r,press
1721277789.762122,e,press
1721277789.802121,'r',release
1721277789.854669,'e',release
1721277789.968812,s,press
1721277790.039998,'s',release
1721277790.119634,s,press
1721277790.19694,'s',release
1721277790.224572,Key.space,press
1721277790.3240378,Key.space,release
1721277790.394958,a,press
1721277790.435851,n,press
1721277790.480109,'n',release
1721277790.504473,'a',release
1721277790.870216,d,press
1721277790.944321,'d',release
1721277791.0057201,Key.space,press
1721277791.0933871,Key.space,release
1721277791.165929,l,press
1721277791.256983,'l',release
1721277791.340676,o,press
1721277791.404669,'o',release
1721277791.670135,n,press
1721277791.7285461,'n',release
1721277791.790155,g,press
1721277791.857874,'g',release
1721277791.923174,Key.space,press
1721277792.015184,Key.space,release
1721277792.120388,p,press
1721277792.1936882,'p',release
1721277792.221309,r,press
1721277792.2695968,e,press
1721277792.3101492,'r',release
1721277792.3658292,'e',release
1721277792.4834712,s,press
1721277792.5462852,'s',release
1721277792.639667,s,press
1721277792.7313018,'s',release
1721277792.810986,Key.space,press
1721277792.921702,Key.space,release
1721277792.969723,w,press
1721277793.035715,i,press
1721277793.041496,'w',release
1721277793.089304,'i',release
1721277793.201299,l,press
1721277793.288013,'l',release
1721277793.372803,l,press
1721277793.473707,'l',release
1721277793.5169652,Key.space,press
1721277793.613696,Key.space,release
1721277793.716162,b,press
1721277793.75592,'b',release
1721277793.865911,e,press
1721277793.9195158,Key.space,press
1721277793.92697,'e',release
1721277794.007841,Key.space,release
1721277794.173482,d,press
1721277794.249063,'d',release
1721277794.310164,i,press
1721277794.372573,'i',release
1721277794.4742908,f,press
1721277794.54513,'f',release
1721277794.639086,f,press
1721277794.710102,'f',release
1721277794.810733,e,press
1721277794.894282,r,press
1721277794.954205,'e',release
1721277795.009835,'r',release
1721277795.0819929,e,press
1721277795.1740348,'e',release
1721277795.209336,n,press
1721277795.26921,'n',release
1721277795.325554,t,press
1721277795.414218,'t',release
1721277795.97753,",",press
1721277796.056705,"','",release
1721277796.0996218,Key.space,press
1721277796.1996129,Key.space,release
1721277796.258423,Key.shift,press
1721277796.374381,I,press
1721277796.437428,Key.shift,release
1721277796.440643,'i',release
1721277796.4990468,Key.space,press
1721277796.601501,Key.space,release
1721277796.863281,g,press
1721277796.938967,'g',release
1721277797.0297961,u,press
1721277797.0844932,'u',release
1721277797.140342,e,press
1721277797.200038,'e',release
1721277797.333436,s,press
1721277797.40107,'s',release
1721277797.482304,s,press
1721277797.5737789,'s',release
1721277797.6172931,Key.space,press
1721277797.715111,Key.space,release
1721277798.139735,i,press
1721277798.206316,'i',release
1721277798.2434042,t,press
1721277798.311429,'t',release
1721277798.443691,s,press
1721277798.512692,'s',release
1721277799.110403,Key.backspace,press
1721277799.1950002,Key.backspace,release
1721277799.8601851,',press
1721277799.9528909,"""'""",release
1721277799.981038,s,press
1721277800.049194,'s',release
1721277800.098853,Key.space,press
1721277800.198115,Key.space,release
1721277800.584904,t,press
1721277800.652214,'t',release
1721277801.029561,Key.backspace,press
1721277801.091137,Key.backspace,release
1721277801.1796532,d,press
1721277801.274115,'d',release
1721277801.295101,u,press
1721277801.346208,'u',release
1721277801.403156,e,press
1721277801.4708412,'e',release
1721277801.546798,Key.space,press
1721277801.633802,Key.space,release
1721277801.670861,t,press
1721277801.733762,'t',release
1721277801.852958,o,press
1721277801.9121,'o',release
1721277801.9967759,Key.space,press
1721277802.087611,Key.space,release
1721277802.133157,t,press
1721277802.207551,'t',release
1721277802.2628422,h,press
1721277802.310766,'h',release
1721277802.334629,e,press
1721277802.402988,'e',release
1721277802.44105,Key.space,press
1721277802.535439,Key.space,release
1721277803.1714199,Key.shift,press
1721277803.797473,A,press
1721277803.890757,'A',release
1721277803.9189289,Key.shift,release
1721277804.511231,Key.backspace,press
1721277804.593863,Key.backspace,release
1721277804.97612,l,press
1721277805.068602,'l',release
1721277805.087803,a,press
1721277805.1714401,'a',release
1721277805.794077,n,press
1721277805.867918,'n',release
1721277805.977383,g,press
1721277806.059972,'g',release
1721277806.097889,u,press
1721277806.152811,'u',release
1721277806.202247,a,press
1721277806.289576,'a',release
1721277806.371197,g,press
1721277806.4484138,e,press
1721277806.478097,'g',release
1721277806.547096,'e',release
1721277806.5638652,Key.space,press
1721277806.667865,Key.space,release
1721277806.717136,c,press
1721277806.823431,'c',release
1721277806.86835,h,press
1721277806.926898,'h',release
1721277807.294852,Key.backspace,press
1721277807.35028,Key.backspace,release
1721277807.4507809,Key.backspace,press
1721277807.53391,Key.backspace,release
1721277807.715692,s,press
1721277807.7854168,'s',release
1721277807.921661,w,press
1721277807.994174,'w',release
1721277808.071506,i,press
1721277808.135113,'i',release
1721277808.239058,c,press
1721277808.327119,'c',release
1721277808.345259,h,press
1721277808.400888,'h',release
1721277808.7204962,t,press
1721277808.771281,'t',release
1721277809.117569,Key.backspace,press
1721277809.173244,Key.backspace,release
1721277809.2707462,Key.backspace,press
1721277809.3381069,Key.backspace,release
1721277809.435246,Key.backspace,press
1721277809.5183308,Key.backspace,release
1721277809.577388,t,press
1721277809.653192,'t',release
1721277809.737505,i,press
1721277809.8059862,'i',release
1721277810.132384,Key.backspace,press
1721277810.2065248,Key.backspace,release
1721277810.284971,c,press
1721277810.3603241,h,press
1721277810.3815439,'c',release
1721277810.415288,'h',release
1721277810.536947,Key.space,press
1721277810.639601,Key.space,release
1721277810.8121731,f,press
1721277810.8828921,'f',release
1721277810.965425,u,press
1721277811.02,'u',release
1721277811.104268,n,press
1721277811.166178,'n',release
1721277811.225506,c,press
1721277811.3177722,'c',release
1721277811.456613,t,press
1721277811.499008,i,press
1721277811.543169,o,press
1721277811.551235,'t',release
1721277811.63585,n,press
1721277811.66313,'i',release
1721277811.687777,'o',release
1721277811.7158458,'n',release
1721277811.801196,Key.space,press
1721277811.91716,Key.space,release
1721277811.954002,d,press
1721277812.02528,'d',release
1721277812.12847,e,press
1721277812.190908,'e',release
1721277812.323551,f,press
1721277812.415251,'f',release
1721277812.458125,i,press
1721277812.5175822,n,press
1721277812.545412,'i',release
1721277812.6073759,'n',release
1721277812.6545122,e,press
1721277812.718046,'e',release
1721277812.837104,d,press
1721277812.916863,'d',release
1721277812.9589188,Key.space,press
1721277813.0425339,Key.space,release
1721277813.146755,b,press
1721277813.2051709,'b',release
1721277813.33852,y,press
1721277813.399133,'y',release
1721277813.506303,Key.space,press
1721277813.606501,Key.space,release
1721277814.227555,Key.shift,press
1721277814.3602161,A,press
1721277814.466223,'A',release
1721277814.484867,Key.shift,release
1721277814.540719,p,press
1721277814.588195,'p',release
1721277814.695261,p,press
1721277814.760085,'p',release
1721277814.878507,l,press
1721277814.954211,e,press
1721277814.957381,'l',release
1721277815.0216682,'e',release
1721277815.112902,.,press
1721277815.197639,'.',release
1721277815.250876,Key.space,press
1721277815.3607411,Key.space,release
1721277815.8116071,Key.backspace,press
1721277815.878083,Key.backspace,release
1721277815.970029,Key.backspace,press
1721277816.029989,Key.backspace,release
1721277816.105224,Key.backspace,press
1721277816.161272,Key.backspace,release
1721277816.8574588,e,press
1721277816.9252212,'e',release
1721277817.017898,Key.space,press
1721277817.130603,Key.space,release
1721277817.2207859,Key.shift,press
1721277817.370697,M,press
1721277817.432846,'M',release
1721277817.443763,Key.shift,release
1721277817.576281,a,press
1721277817.635592,'a',release
1721277817.7534049,c,press
1721277817.843755,'c',release
1721277818.011574,Key.shift,press
1721277818.159002,O,press
1721277818.227145,'O',release
1721277818.247016,S,press
1721277818.371315,'S',release
1721277818.455164,Key.shift,release
1721277818.644338,.,press
1721277818.739669,'.',release
1721277818.960382,Key.space,press
1721277819.0430028,Key.space,release
1721277819.504241,Key.cmd,press
1721277819.731942,s,press
1721277819.838919,'s',release
1721277819.9159412,Key.cmd,release
1721277848.848437,Key.esc,press
1721277848.910337,Key.esc,release
